SKU,Price,Coupon
,$13.99,Save 15% off Code 15FLASH Ends: 8/21 at 9 a.m. ET
,$11.09,Save 15% off Code 15FLASH Ends: 8/21 at 9 a.m. ET
,$30.09,Save 15% off Code 15FLASH Ends: 8/21 at 9 a.m. ET
,$13.49,Save 15% off Code 15FLASH Ends: 8/21 at 9 a.m. ET
,$30.69,Save 15% off Code 15FLASH Ends: 8/21 at 9 a.m. ETSave 20% off Code ALLRAINBOW Ends: 8/26 at 7 a.m. ET
,$20.09,Save 15% off Code 15FLASH Ends: 8/21 at 9 a.m. ET
,$30.09,Save 15% off Code 15FLASH Ends: 8/21 at 9 a.m. ET
,$20.59,Save 15% off Code 15FLASH Ends: 8/21 at 9 a.m. ET
,$13.99,Save 15% off Code 15FLASH Ends: 8/21 at 9 a.m. ET
,$80.97,Save 15% off Code 15FLASH Ends: 8/21 at 9 a.m. ETSave 15% off Code 15ALLNC Ends: 8/21 at 7 a.m. ET
,$11.19,Save 15% off Code 15FLASH Ends: 8/21 at 9 a.m. ET
,$5.89,Save 15% off Code 15FLASH Ends: 8/21 at 9 a.m. ET
,$20.29,Save 15% off Code 15FLASH Ends: 8/21 at 9 a.m. ET
,$12.29,Save 15% off Code 15FLASH Ends: 8/21 at 9 a.m. ET
,$53.08,Save 15% off Code 15FLASH Ends: 8/21 at 9 a.m. ET
,$14.99,Save 15% off Code 15FLASH Ends: 8/21 at 9 a.m. ET
,$10.99,Save 15% off Code 15FLASH Ends: 8/21 at 9 a.m. ET
,$26.99,Save 15% off Code 15FLASH Ends: 8/21 at 9 a.m. ET
,$20.29,Save 15% off Code 15FLASH Ends: 8/21 at 9 a.m. ET
,$21.69,Save 15% off Code 15FLASH Ends: 8/21 at 9 a.m. ET
,$30.99,Save 15% off Code 15FLASH Ends: 8/21 at 9 a.m. ETSave 20% off Code ALLRAINBOW Ends: 8/26 at 7 a.m. ET
